committeeID,legislatorID,rank
HLIG,N000181,1
HLIG,C001062,2
HLIG,K000210,3
HLIG,L000554,4
HLIG,R000583,5
HLIG,R000435,6
HLIG,T000463,7
HLIG,W000815,8
HLIG,S001192,9
HLIG,C001087,10
HLIG,G000566,11
HLIG,S001196,12
HLIG,H001073,13
HLIG,S001150,1
HLIG,H001047,2
HLIG,S001185,3
HLIG,C001072,4
HLIG,S001175,5
HLIG,Q000023,6
HLIG,S001193,7
HLIG,C001091,8
HLIG,H001064,9
HSAG,C001062,1
HSAG,G000289,2
HSAG,L000491,3
HSAG,K000362,4
HSAG,R000575,5
HSAG,T000467,6
HSAG,G000563,7
HSAG,S001189,8
HSAG,C001087,9
HSAG,D000616,10
HSAG,H001053,11
HSAG,D000612,12
HSAG,L000578,13
HSAG,D000619,14
HSAG,Y000065,15
HSAG,A000372,16
HSAG,B001295,17
HSAG,R000603,18
HSAG,A000374,19
HSAG,K000388,20
HSAG,C001108,21
HSAG,M001198,22
HSAG,B001298,23
HSAG,F000464,24
HSAG,D000628,25
HSAG,A000375,26
HSAG,P000258,1
HSAG,S001157,2
HSAG,C001059,3
HSAG,W000799,4
HSAG,F000455,5
HSAG,M000312,6
HSAG,V000132,7
HSAG,L000580,8
HSAG,K000382,9
HSAG,N000127,10
HSAG,B001286,11
HSAG,M001185,12
HSAG,P000610,13
HSAG,A000370,14
HSAG,E000296,15
HSAG,L000586,16
HSAG,O000171,17
HSAG,P000613,18
HSAG,S001200,19
HSAG,B001303,20
HSAP,F000372,1
HSAP,R000395,2
HSAP,A000055,3
HSAP,G000377,4
HSAP,S001148,5
HSAP,C001048,6
HSAP,C001051,7
HSAP,C000059,8
HSAP,C001053,9
HSAP,D000600,10
HSAP,D000604,11
HSAP,G000560,12
HSAP,Y000063,13
HSAP,W000809,14
HSAP,F000449,15
HSAP,R000583,16
HSAP,F000459,17
HSAP,H001056,18
HSAP,J000295,19
HSAP,V000129,20
HSAP,H001052,21
HSAP,R000591,22
HSAP,A000369,23
HSAP,S001192,24
HSAP,Y000066,25
HSAP,J000297,26
HSAP,P000601,27
HSAP,N000189,28
HSAP,M001194,29
HSAP,T000477,30
HSAP,L000480,1
HSAP,K000009,2
HSAP,V000108,3
HSAP,S000248,4
HSAP,D000216,5
HSAP,P000523,6
HSAP,R000486,7
HSAP,B000490,8
HSAP,L000551,9
HSAP,M001143,10
HSAP,R000577,11
HSAP,R000576,12
HSAP,W000797,13
HSAP,C001063,14
HSAP,P000597,15
HSAP,Q000023,16
HSAP,K000381,17
HSAP,C001090,18
HSAP,M001188,19
HSAP,P000607,20
HSAP,C001101,21
HSAP,A000371,22
HSAS,T000238,1
HSAS,J000255,2
HSAS,W000795,3
HSAS,L000554,4
HSAS,B001250,5
HSAS,T000463,6
HSAS,R000575,7
HSAS,F000448,8
HSAS,S001154,9
HSAS,C001062,10
HSAS,L000564,11
HSAS,W000804,12
HSAS,H001048,13
HSAS,C001077,14
HSAS,H001053,15
HSAS,S001189,16
HSAS,B001274,17
HSAS,C001094,18
HSAS,B001283,19
HSAS,W000815,20
HSAS,B001289,21
HSAS,G000546,22
HSAS,S001196,23
HSAS,M001197,24
HSAS,K000387,25
HSAS,R000604,26
HSAS,D000616,27
HSAS,A000374,28
HSAS,K000388,29
HSAS,G000579,30
HSAS,G000578,31
HSAS,B001298,32
HSAS,B001299,33
HSAS,C001109,34
HSAS,S000510,1
HSAS,B001227,2
HSAS,D000598,3
HSAS,L000559,4
HSAS,L000560,5
HSAS,C000754,6
HSAS,B001245,7
HSAS,C001069,8
HSAS,T000465,9
HSAS,G000559,10
HSAS,S001175,11
HSAS,V000131,12
HSAS,G000571,13
HSAS,O000170,14
HSAS,N000188,15
HSAS,G000574,16
HSAS,M001196,17
HSAS,H001050,18
HSAS,S001170,19
HSAS,R000608,20
HSAS,M001200,21
HSAS,C001112,22
HSAS,B001304,23
HSAS,M001202,24
HSAS,K000389,25
HSAS,P000608,26
HSAS,A000371,27
HSAS,C001091,28
HSBA,H001036,1
HSBA,K000210,2
HSBA,R000487,3
HSBA,L000491,4
HSBA,M001156,5
HSBA,P000588,6
HSBA,P000599,7
HSBA,L000569,8
HSBA,H001058,9
HSBA,D000614,10
HSBA,S001187,11
HSBA,H001059,12
HSBA,R000593,13
HSBA,P000606,14
HSBA,W000812,15
HSBA,B001282,16
HSBA,R000598,17
HSBA,M001189,18
HSBA,T000470,19
HSBA,W000816,20
HSBA,P000611,21
HSBA,L000584,22
HSBA,H001072,23
HSBA,E000294,24
HSBA,Z000017,25
HSBA,T000475,26
HSBA,L000583,27
HSBA,M001195,28
HSBA,M001193,29
HSBA,D000626,30
HSBA,B001305,31
HSBA,K000392,32
HSBA,T000478,33
HSBA,H001074,34
HSBA,W000187,1
HSBA,M000087,2
HSBA,V000081,3
HSBA,S000344,4
HSBA,M001137,5
HSBA,C001037,6
HSBA,C001049,7
HSBA,L000562,8
HSBA,S001157,9
HSBA,G000553,10
HSBA,C001061,11
HSBA,M001160,12
HSBA,E000288,13
HSBA,P000593,14
HSBA,H001047,15
HSBA,F000454,16
HSBA,K000380,17
HSBA,D000620,18
HSBA,S001191,19
HSBA,B001281,20
HSBA,H001064,21
HSBA,V000130,22
HSBA,G000583,23
HSBA,G000581,24
HSBA,C001111,25
HSBA,K000390,26
HSBU,B001273,1
HSBU,P000591,2
HSBU,D000600,3
HSBU,C001053,4
HSBU,M001177,5
HSBU,R000592,6
HSBU,W000810,7
HSBU,S000051,8
HSBU,W000809,9
HSBU,B001290,10
HSBU,G000576,11
HSBU,P000609,12
HSBU,W000821,13
HSBU,R000586,14
HSBU,J000292,15
HSBU,L000587,16
HSBU,B001301,17
HSBU,F000464,18
HSBU,S001199,19
HSBU,G000578,20
HSBU,A000375,21
HSBU,F000465,22
HSBU,Y000062,1
HSBU,L000551,2
HSBU,L000580,3
HSBU,M001196,4
HSBU,J000294,5
HSBU,H001038,6
HSBU,D000617,7
HSBU,W000797,8
HSBU,B001296,9
HSBU,K000389,10
HSBU,J000298,11
HSBU,C001112,12
HSED,F000450,1
HSED,W000795,2
HSED,H001048,3
HSED,R000582,4
HSED,T000467,5
HSED,W000798,6
HSED,G000558,7
HSED,R000592,8
HSED,B001269,9
HSED,M001189,10
HSED,B001289,11
HSED,B001290,12
HSED,B001293,13
HSED,G000576,14
HSED,S001196,15
HSED,A000372,16
HSED,L000587,17
HSED,R000607,18
HSED,M001201,19
HSED,G000580,20
HSED,S001199,21
HSED,F000465,22
HSED,S000185,1
HSED,D000598,2
HSED,G000551,3
HSED,C001069,4
HSED,F000455,5
HSED,P000598,6
HSED,S001177,7
HSED,W000808,8
HSED,B001278,9
HSED,T000472,10
HSED,A000370,11
HSED,D000623,12
HSED,N000188,13
HSED,B001303,14
HSED,K000391,15
HSED,S001170,16
HSED,E000297,17
HSFA,R000487,1
HSFA,S000522,2
HSFA,R000435,3
HSFA,R000409,4
HSFA,C000266,5
HSFA,W000795,6
HSFA,M001157,7
HSFA,P000592,8
HSFA,I000056,9
HSFA,M001179,10
HSFA,D000615,11
HSFA,B001274,12
HSFA,C001094,13
HSFA,P000605,14
HSFA,D000621,15
HSFA,M001187,16
HSFA,Y000065,17
HSFA,K000378,18
HSFA,Z000017,19
HSFA,D000625,20
HSFA,S000244,21
HSFA,W000812,22
HSFA,M001199,23
HSFA,R000607,24
HSFA,F000466,25
HSFA,G000580,26
HSFA,E000179,1
HSFA,S000344,2
HSFA,M001137,3
HSFA,S001165,4
HSFA,C001078,5
HSFA,D000610,6
HSFA,B001270,7
HSFA,K000375,8
HSFA,C001084,9
HSFA,B001287,10
HSFA,F000462,11
HSFA,G000571,12
HSFA,C001091,13
HSFA,K000385,14
HSFA,B001296,15
HSFA,T000468,16
HSFA,T000474,17
HSFA,S001190,18
HSFA,S001201,19
HSFA,E000297,20
HSFA,L000582,21
HSGO,C001076,1
HSGO,D000533,2
HSGO,I000056,3
HSGO,J000289,4
HSGO,S000051,5
HSGO,A000367,6
HSGO,G000565,7
HSGO,D000616,8
HSGO,G000566,9
HSGO,F000460,10
HSGO,F000450,11
HSGO,M001184,12
HSGO,M001187,13
HSGO,D000621,14
HSGO,R000593,15
HSGO,W000819,16
HSGO,B001294,17
HSGO,H001071,18
HSGO,R000604,19
HSGO,G000576,20
HSGO,H001073,21
HSGO,P000609,22
HSGO,C001108,23
HSGO,M001201,24
HSGO,C000984,1
HSGO,M000087,2
HSGO,N000147,3
HSGO,C001049,4
HSGO,L000562,5
HSGO,C000754,6
HSGO,C001078,7
HSGO,K000385,8
HSGO,L000581,9
HSGO,W000822,10
HSGO,P000610,11
HSGO,D000627,12
HSGO,K000391,13
HSGO,R000606,14
HSHA,H001045,1
HSHA,D000619,2
HSHA,C001105,3
HSHA,W000819,4
HSHA,S001172,5
HSHA,L000583,6
HSHA,B001227,1
HSHA,L000397,2
HSHA,R000606,3
HSHM,M001157,1
HSHM,S000583,2
HSHM,K000210,3
HSHM,R000575,4
HSHM,D000615,5
HSHM,M001179,6
HSHM,B001269,7
HSHM,P000605,8
HSHM,K000386,9
HSHM,H001073,10
HSHM,M001197,11
HSHM,R000601,12
HSHM,D000625,13
HSHM,G000579,14
HSHM,H001077,15
HSHM,R000609,16
HSHM,G000580,17
HSHM,F000466,18
HSHM,T000193,1
HSHM,J000032,2
HSHM,L000559,3
HSHM,R000588,4
HSHM,K000375,5
HSHM,P000604,6
HSHM,V000132,7
HSHM,W000822,8
HSHM,R000602,9
HSHM,C001110,10
HSHM,D000627,11
HSHM,B001300,12
HSIF,W000791,1
HSIF,B000213,2
HSIF,U000031,3
HSIF,S000364,4
HSIF,M001151,5
HSIF,B001248,6
HSIF,B001243,7
HSIF,S001176,8
HSIF,L000566,9
HSIF,M001159,10
HSIF,H001045,11
HSIF,L000567,12
HSIF,G000558,13
HSIF,O000168,14
HSIF,M001180,15
HSIF,K000378,16
HSIF,G000568,17
HSIF,B001257,18
HSIF,J000292,19
HSIF,L000576,20
HSIF,B001275,21
HSIF,F000461,22
HSIF,B001284,23
HSIF,M001190,24
HSIF,H001067,25
HSIF,C001092,26
HSIF,C001096,27
HSIF,W000798,28
HSIF,W000820,29
HSIF,C001106,30
HSIF,C001103,31
HSIF,P000034,1
HSIF,R000515,2
HSIF,E000215,3
HSIF,E000179,4
HSIF,G000410,5
HSIF,D000197,6
HSIF,D000482,7
HSIF,S001145,8
HSIF,B001251,9
HSIF,M001163,10
HSIF,C001066,11
HSIF,S001168,12
HSIF,M001166,13
HSIF,W000800,14
HSIF,L000570,15
HSIF,T000469,16
HSIF,C001067,17
HSIF,L000565,18
HSIF,S001180,19
HSIF,K000379,20
HSIF,C001097,21
HSIF,R000599,22
HSIF,P000608,23
HSIF,D000624,24
HSII,B001250,1
HSII,Y000033,2
HSII,G000552,3
HSII,L000564,4
HSII,W000804,5
HSII,M001177,6
HSII,P000588,7
HSII,T000467,8
HSII,G000565,9
HSII,L000573,10
HSII,T000470,11
HSII,L000578,12
HSII,D000612,13
HSII,C001094,14
HSII,W000821,15
HSII,G000577,16
HSII,H001071,17
HSII,R000600,18
HSII,L000585,19
HSII,W000806,20
HSII,R000603,21
HSII,B001301,22
HSII,C001109,23
HSII,J000299,24
HSII,G000582,25
HSII,G000551,1
HSII,N000179,2
HSII,B001245,3
HSII,C001059,4
HSII,S001177,5
HSII,T000465,6
HSII,H001068,7
HSII,L000579,8
HSII,B001292,9
HSII,T000474,10
HSII,G000574,11
HSII,H001050,12
HSII,B001300,13
HSII,S001200,14
HSII,P000613,15
HSII,M001200,16
HSII,B001304,17
HSJU,G000289,1
HSJU,S000244,2
HSJU,S000583,3
HSJU,C000266,4
HSJU,I000056,5
HSJU,K000362,6
HSJU,F000448,7
HSJU,G000552,8
HSJU,J000289,9
HSJU,P000592,10
HSJU,C001076,11
HSJU,M001179,12
HSJU,G000566,13
HSJU,L000573,14
HSJU,F000460,15
HSJU,C001093,16
HSJU,D000621,17
HSJU,B001297,18
HSJU,R000601,19
HSJU,B001293,20
HSJU,R000591,21
HSJU,G000578,22
HSJU,J000299,23
HSJU,B001302,24
HSJU,C000714,1
HSJU,N000002,2
HSJU,L000397,3
HSJU,J000032,4
HSJU,C001068,5
HSJU,J000288,6
HSJU,C001080,7
HSJU,D000610,8
HSJU,G000535,9
HSJU,B001270,10
HSJU,R000588,11
HSJU,J000294,12
HSJU,C001084,13
HSJU,S001193,14
HSJU,L000582,15
HSJU,R000606,16
HSJU,J000298,17
HSPW,S001154,1
HSPW,Y000033,2
HSPW,D000533,3
HSPW,L000554,4
HSPW,G000546,5
HSPW,H001048,6
HSPW,C001087,7
HSPW,B001269,8
HSPW,F000460,9
HSPW,G000563,10
HSPW,W000806,11
HSPW,D000612,12
HSPW,M001184,13
HSPW,M001187,14
HSPW,P000605,15
HSPW,D000619,16
HSPW,S000051,17
HSPW,W000810,18
HSPW,R000592,19
HSPW,K000386,20
HSPW,B001291,21
HSPW,G000577,22
HSPW,C001105,23
HSPW,R000603,24
HSPW,B001295,25
HSPW,W000814,26
HSPW,L000578,27
HSPW,W000821,28
HSPW,S001199,29
HSPW,M001201,30
HSPW,F000464,31
HSPW,F000465,32
HSPW,M001199,33
HSPW,L000587,34
HSPW,D000191,1
HSPW,N000147,2
HSPW,N000002,3
HSPW,J000126,4
HSPW,C000984,5
HSPW,L000560,6
HSPW,C001037,7
HSPW,N000179,8
HSPW,L000563,9
HSPW,C001068,10
HSPW,S001165,11
HSPW,G000559,12
HSPW,J000288,13
HSPW,C001072,14
HSPW,N000127,15
HSPW,T000468,16
HSPW,M001185,17
HSPW,E000293,18
HSPW,F000462,19
HSPW,B001286,20
HSPW,H001068,21
HSPW,B001285,22
HSPW,W000808,23
HSPW,P000604,24
HSPW,L000579,25
HSPW,L000581,26
HSPW,D000623,27
HSRU,S000250,1
HSRU,C001053,2
HSRU,W000810,3
HSRU,B001248,4
HSRU,C001093,5
HSRU,B001289,6
HSRU,N000189,7
HSRU,B001297,8
HSRU,C001109,9
HSRU,S000480,1
HSRU,M000312,2
HSRU,H000324,3
HSRU,P000598,4
HSSM,C000266,1
HSSM,K000362,2
HSSM,L000569,3
HSSM,B001290,4
HSSM,R000600,5
HSSM,K000387,6
HSSM,K000388,7
HSSM,B001294,8
HSSM,C001108,9
HSSM,G000582,10
HSSM,B001298,11
HSSM,F000466,12
HSSM,M001198,13
HSSM,V000081,1
HSSM,C001080,2
HSSM,E000296,3
HSSM,M001202,4
HSSM,L000586,5
HSSO,B001284,1
HSSO,M001181,2
HSSO,G000566,3
HSSO,M001158,4
HSSO,L000567,5
HSSO,D000610,1
HSSO,C001067,2
HSSO,P000598,3
HSSO,B001304,4
HSSY,S000583,1
HSSY,R000409,2
HSSY,L000491,3
HSSY,B001274,4
HSSY,H001059,5
HSSY,P000599,6
HSSY,M001184,7
HSSY,B001283,8
HSSY,W000814,9
HSSY,K000387,10
HSSY,B001291,11
HSSY,C001105,12
HSSY,P000609,13
HSSY,L000583,14
HSSY,A000374,15
HSSY,L000585,16
HSSY,W000806,17
HSSY,B001299,18
HSSY,B001302,19
HSSY,M001198,20
HSSY,D000628,21
HSSY,H001077,22
HSSY,J000126,1
HSSY,L000397,2
HSSY,L000563,3
HSSY,B001278,4
HSSY,B001287,5
HSSY,E000293,6
HSSY,V000131,7
HSSY,B001292,8
HSSY,R000608,9
HSVR,R000582,1
HSVR,B001257,2
HSVR,C001077,3
HSVR,W000815,4
HSVR,R000600,5
HSVR,B001295,6
HSVR,P000611,7
HSVR,D000628,8
HSVR,A000375,9
HSVR,R000609,10
HSVR,H001077,11
HSVR,B001301,12
HSVR,B001299,13
HSVR,G000582,14
HSVR,W000799,1
HSVR,T000472,2
HSVR,B001285,3
HSVR,K000382,4
HSVR,O000170,5
HSVR,R000602,6
HSVR,C001110,7
HSWM,B000755,1
HSWM,J000174,2
HSWM,N000181,3
HSWM,T000462,4
HSWM,R000578,5
HSWM,R000580,6
HSWM,P000591,7
HSWM,B001260,8
HSWM,S001172,9
HSWM,J000290,10
HSWM,P000594,11
HSWM,M001158,12
HSWM,B001273,13
HSWM,R000585,14
HSWM,K000376,15
HSWM,R000586,16
HSWM,M001181,17
HSWM,N000184,18
HSWM,H001065,19
HSWM,S001195,20
HSWM,R000597,21
HSWM,S001183,22
HSWM,W000813,23
HSWM,C001107,24
HSWM,N000015,1
HSWM,L000263,2
HSWM,L000287,3
HSWM,D000399,4
HSWM,T000460,5
HSWM,L000557,6
HSWM,B000574,7
HSWM,K000188,8
HSWM,P000096,9
HSWM,C001038,10
HSWM,D000096,11
HSWM,S001156,12
HSWM,H001038,13
HSWM,S001185,14
HSWM,D000617,15
JCSE,W000437,1
JCSE,B001135,2
JCSE,B001236,3
JCSE,C000141,1
JCSE,W000802,2
JCSE,U000039,3
JCSE,S001181,4
JCSE,S000522,1
JCSE,A000055,3
JCSE,B001248,4
JCSE,H000324,1
JCSE,S000480,2
JCSE,C001068,3
JSEC,L000577,1
JSEC,C001095,2
JSEC,S001197,3
JSEC,P000449,4
JSEC,C001098,5
JSEC,C001075,6
JSEC,H001046,1
JSEC,K000367,2
JSEC,P000595,3
JSEC,H001076,4
JSEC,B000755,1
JSEC,D000614,3
JSEC,A000367,4
JSEC,P000594,5
JSEC,M000087,1
JSEC,C000984,3
JSEC,D000620,4
JSLC,B000575,1
JSLC,R000307,2
JSLC,C001047,3
JSLC,S000148,1
JSLC,L000174,2
JSLC,H001045,1
JSLC,C001053,3
JSLC,B001227,1
JSLC,L000397,2
JSPR,B000575,1
JSPR,R000307,2
JSPR,B001236,3
JSPR,S000148,1
JSPR,U000039,2
JSPR,H001045,1
JSPR,B001227,1
JSPR,V000130,2
JSTX,H000338,1
JSTX,G000386,2
JSTX,C000880,3
JSTX,W000779,1
JSTX,S000770,2
JSTX,R000570,1
JSTX,J000174,2
JSTX,B000755,3
JSTX,L000263,1
SCNC,G000386,1
SCNC,C001056,2
SCNC,R000584,3
SCNC,S001141,4
SCNC,F000062,1
SCNC,S000148,2
SCNC,W000802,3
SLET,I000055,1
SLET,R000307,2
SLET,R000584,3
SLET,C001088,1
SLET,S001194,2
SLET,S001181,3
SLIA,H001061,1
SLIA,B001261,2
SLIA,M000303,3
SLIA,M001153,4
SLIA,L000575,5
SLIA,D000618,6
SLIA,C000880,7
SLIA,M000934,8
SLIA,U000039,1
SLIA,C000127,2
SLIA,T000464,3
SLIA,F000457,4
SLIA,S001194,5
SLIA,H001069,6
SLIA,C001113,7
SLIN,B001135,1
SLIN,R000584,2
SLIN,R000595,3
SLIN,C001035,4
SLIN,B000575,5
SLIN,L000575,6
SLIN,C001095,7
SLIN,C001056,8
SLIN,M000355,9
SLIN,M000303,10
SLIN,W000805,1
SLIN,F000062,2
SLIN,W000779,3
SLIN,H001046,4
SLIN,K000383,5
SLIN,M001183,6
SLIN,H001075,7
SLIN,S000148,8
SLIN,R000122,9
SPAG,C001035,1
SPAG,H000338,2
SPAG,F000444,3
SPAG,S001184,4
SPAG,T000476,5
SPAG,C001071,6
SPAG,B001135,7
SPAG,R000595,8
SPAG,F000463,9
SPAG,C001070,1
SPAG,N000032,2
SPAG,W000802,3
SPAG,G000555,4
SPAG,B001277,5
SPAG,D000607,6
SPAG,W000817,7
SPAG,C001113,8
SSAF,R000307,1
SSAF,C000567,2
SSAF,M000355,3
SSAF,B001236,4
SSAF,H001061,5
SSAF,E000295,6
SSAF,G000386,7
SSAF,S001141,8
SSAF,T000250,9
SSAF,D000618,10
SSAF,P000612,11
SSAF,S000770,1
SSAF,L000174,2
SSAF,B000944,3
SSAF,K000367,4
SSAF,B001267,5
SSAF,G000555,6
SSAF,D000607,7
SSAF,H001069,8
SSAF,C001070,9
SSAF,V000128,10
SSAP,C000567,1
SSAP,M000355,2
SSAP,S000320,3
SSAP,A000360,4
SSAP,C001035,5
SSAP,M001153,6
SSAP,G000359,7
SSAP,B000575,8
SSAP,M000934,9
SSAP,H001061,10
SSAP,B001236,11
SSAP,C001047,12
SSAP,L000575,13
SSAP,D000618,14
SSAP,K000393,15
SSAP,R000595,16
SSAP,L000174,1
SSAP,M001111,2
SSAP,F000062,3
SSAP,D000563,4
SSAP,R000122,5
SSAP,T000464,6
SSAP,U000039,7
SSAP,S001181,8
SSAP,M001176,9
SSAP,C001088,10
SSAP,S001194,11
SSAP,B001230,12
SSAP,M001169,13
SSAP,M001183,14
SSAP,V000128,15
SSAS,M000303,1
SSAS,I000024,2
SSAS,S001141,3
SSAS,W000437,4
SSAS,F000463,5
SSAS,C001095,6
SSAS,R000605,7
SSAS,E000295,8
SSAS,T000476,9
SSAS,S001198,10
SSAS,P000612,11
SSAS,C001098,12
SSAS,G000359,13
SSAS,S001197,14
SSAS,R000122,1
SSAS,N000032,2
SSAS,M001170,3
SSAS,S001181,4
SSAS,G000555,5
SSAS,B001277,6
SSAS,D000607,7
SSAS,H001042,8
SSAS,K000384,9
SSAS,K000383,10
SSAS,H001046,11
SSAS,W000817,12
SSAS,P000595,13
SSBK,C000880,1
SSBK,S000320,2
SSBK,C001071,3
SSBK,T000461,4
SSBK,H001041,5
SSBK,S001184,6
SSBK,S001197,7
SSBK,C001095,8
SSBK,R000605,9
SSBK,P000612,10
SSBK,T000476,11
SSBK,K000393,12
SSBK,B000944,1
SSBK,R000122,2
SSBK,M000639,3
SSBK,T000464,4
SSBK,W000805,5
SSBK,W000817,6
SSBK,H001069,7
SSBK,D000607,8
SSBK,S001194,9
SSBK,V000128,10
SSBK,C001113,11
SSBK04,H001041,1
SSBK04,S000320,2
SSBK04,C001071,3
SSBK04,T000461,4
SSBK04,S001184,5
SSBK04,S001197,6
SSBK04,R000605,7
SSBK04,T000476,8
SSBK04,C000880,9
SSBK04,W000805,1
SSBK04,R000122,2
SSBK04,M000639,3
SSBK04,T000464,4
SSBK04,W000817,5
SSBK04,V000128,6
SSBK04,C001113,7
SSBK04,B000944,8
SSBK05,S001197,1
SSBK05,C001071,2
SSBK05,C001095,3
SSBK05,R000605,4
SSBK05,P000612,5
SSBK05,C000880,6
SSBK05,D000607,1
SSBK05,W000805,2
SSBK05,H001069,3
SSBK05,S001194,4
SSBK05,B000944,5
SSBK08,T000461,1
SSBK08,S000320,2
SSBK08,C001071,3
SSBK08,H001041,4
SSBK08,S001184,5
SSBK08,S001197,6
SSBK08,C001095,7
SSBK08,P000612,8
SSBK08,K000393,9
SSBK08,C000880,10
SSBK08,W000817,1
SSBK08,R000122,2
SSBK08,T000464,3
SSBK08,W000805,4
SSBK08,D000607,5
SSBK08,S001194,6
SSBK08,V000128,7
SSBK08,C001113,8
SSBK08,B000944,9
SSBK09,S001184,1
SSBK09,S000320,2
SSBK09,H001041,3
SSBK09,R000605,4
SSBK09,T000476,5
SSBK09,K000393,6
SSBK09,C000880,7
SSBK09,M000639,1
SSBK09,R000122,2
SSBK09,H001069,3
SSBK09,S001194,4
SSBK09,V000128,5
SSBK09,B000944,6
SSBK12,C001095,1
SSBK12,T000461,2
SSBK12,P000612,3
SSBK12,T000476,4
SSBK12,K000393,5
SSBK12,C000880,6
SSBK12,H001069,1
SSBK12,M000639,2
SSBK12,W000817,3
SSBK12,D000607,4
SSBK12,B000944,5
SSBU,E000285,1
SSBU,G000386,2
SSBU,S001141,3
SSBU,C000880,4
SSBU,G000359,5
SSBU,T000461,6
SSBU,J000293,7
SSBU,C001071,8
SSBU,P000612,9
SSBU,G000562,10
SSBU,K000393,11
SSBU,B001236,12
SSBU,S000033,1
SSBU,M001111,2
SSBU,W000779,3
SSBU,S000770,4
SSBU,W000802,5
SSBU,W000805,6
SSBU,M001176,7
SSBU,K000384,8
SSBU,K000383,9
SSBU,V000128,10
SSBU,H001075,11
SSCM,T000250,1
SSCM,W000437,2
SSCM,B000575,3
SSCM,C001098,4
SSCM,F000463,5
SSCM,M000934,6
SSCM,S001198,7
SSCM,H001041,8
SSCM,I000024,9
SSCM,L000577,10
SSCM,J000293,11
SSCM,C001047,12
SSCM,G000562,13
SSCM,Y000064,14
SSCM,N000032,1
SSCM,C000127,2
SSCM,K000367,3
SSCM,B001277,4
SSCM,S001194,5
SSCM,M000133,6
SSCM,B001288,7
SSCM,U000039,8
SSCM,P000595,9
SSCM,B001230,10
SSCM,D000622,11
SSCM,H001076,12
SSCM,C001113,13
SSEG,M001153,1
SSEG,B001261,2
SSEG,R000584,3
SSEG,L000577,4
SSEG,F000444,5
SSEG,D000618,6
SSEG,G000562,7
SSEG,S001141,8
SSEG,A000360,9
SSEG,H001061,10
SSEG,C001075,11
SSEG,P000449,12
SSEG,C000127,1
SSEG,W000779,2
SSEG,S000033,3
SSEG,S000770,4
SSEG,F000457,5
SSEG,M001183,6
SSEG,H001046,7
SSEG,H001042,8
SSEG,K000383,9
SSEG,D000622,10
SSEG,C001113,11
SSEV,B001261,1
SSEV,I000024,2
SSEV,C001047,3
SSEV,B001236,4
SSEV,W000437,5
SSEV,F000463,6
SSEV,S001141,7
SSEV,M000934,8
SSEV,R000605,9
SSEV,E000295,10
SSEV,S001198,11
SSEV,C000174,1
SSEV,C000141,2
SSEV,S000033,3
SSEV,W000802,4
SSEV,M001176,5
SSEV,G000555,6
SSEV,B001288,7
SSEV,M000133,8
SSEV,D000622,9
SSEV,H001075,10
SSFI,H000338,1
SSFI,G000386,2
SSFI,C000880,3
SSFI,R000307,4
SSFI,E000285,5
SSFI,C001056,6
SSFI,T000250,7
SSFI,B001135,8
SSFI,I000055,9
SSFI,P000449,10
SSFI,T000461,11
SSFI,H001041,12
SSFI,S001184,13
SSFI,C001075,14
SSFI,W000779,1
SSFI,S000770,2
SSFI,C000127,3
SSFI,N000032,4
SSFI,M000639,5
SSFI,C000174,6
SSFI,C000141,7
SSFI,B000944,8
SSFI,B001267,9
SSFI,C001070,10
SSFI,W000805,11
SSFI,M001170,12
SSFR,C001071,1
SSFR,R000584,2
SSFR,R000595,3
SSFR,J000293,4
SSFR,F000444,5
SSFR,G000562,6
SSFR,Y000064,7
SSFR,B001261,8
SSFR,I000055,9
SSFR,P000449,10
SSFR,P000603,11
SSFR,C000141,1
SSFR,M000639,2
SSFR,S001181,3
SSFR,C001088,4
SSFR,U000039,5
SSFR,M001169,6
SSFR,K000384,7
SSFR,M000133,8
SSFR,M001176,9
SSFR,B001288,10
SSGA,J000293,1
SSGA,M000303,2
SSGA,P000449,3
SSGA,P000603,4
SSGA,L000575,5
SSGA,E000285,6
SSGA,H001061,7
SSGA,D000618,8
SSGA,M001170,1
SSGA,C000174,2
SSGA,T000464,3
SSGA,H001069,4
SSGA,P000595,5
SSGA,H001076,6
SSGA,H001075,7
SSHR,A000360,1
SSHR,E000285,2
SSHR,B001135,3
SSHR,I000055,4
SSHR,P000603,5
SSHR,C001035,6
SSHR,C001075,7
SSHR,Y000064,8
SSHR,H000338,9
SSHR,R000307,10
SSHR,M001153,11
SSHR,S001184,12
SSHR,M001111,1
SSHR,S000033,2
SSHR,C001070,3
SSHR,F000457,4
SSHR,B001267,5
SSHR,W000802,6
SSHR,B001230,7
SSHR,M001169,8
SSHR,W000817,9
SSHR,K000384,10
SSHR,H001076,11
SSJU,G000386,1
SSJU,H000338,2
SSJU,G000359,3
SSJU,C001056,4
SSJU,L000577,5
SSJU,C001098,6
SSJU,S001197,7
SSJU,F000444,8
SSJU,C000880,9
SSJU,T000476,10
SSJU,K000393,11
SSJU,F000062,1
SSJU,L000174,2
SSJU,D000563,3
SSJU,W000802,4
SSJU,K000367,5
SSJU,F000457,6
SSJU,C001088,7
SSJU,B001277,8
SSJU,H001042,9
SSJU01,L000577,1
SSJU01,G000386,2
SSJU01,H000338,3
SSJU01,G000359,4
SSJU01,T000476,5
SSJU01,K000367,1
SSJU01,L000174,2
SSJU01,F000457,3
SSJU01,B001277,4
SSJU04,C001056,1
SSJU04,T000476,2
SSJU04,K000393,3
SSJU04,G000386,4
SSJU04,C001098,5
SSJU04,F000444,6
SSJU04,C000880,7
SSJU04,L000577,8
SSJU04,D000563,1
SSJU04,F000062,2
SSJU04,L000174,3
SSJU04,K000367,4
SSJU04,F000457,5
SSJU04,B001277,6
SSJU04,H001042,7
SSJU21,C001098,1
SSJU21,C001056,2
SSJU21,C000880,3
SSJU21,S001197,4
SSJU21,G000359,5
SSJU21,B001277,1
SSJU21,D000563,2
SSJU21,F000457,3
SSJU21,C001088,4
SSJU22,G000359,1
SSJU22,C001056,2
SSJU22,C001098,3
SSJU22,S001197,4
SSJU22,K000393,5
SSJU22,W000802,1
SSJU22,D000563,2
SSJU22,K000367,3
SSJU22,C001088,4
SSJU23,F000444,1
SSJU23,H000338,2
SSJU23,L000577,3
SSJU23,T000476,4
SSJU23,C000880,5
SSJU23,K000393,6
SSJU23,F000457,1
SSJU23,L000174,2
SSJU23,W000802,3
SSJU23,C001088,4
SSJU23,H001042,5
SSJU25,S001197,1
SSJU25,G000386,2
SSJU25,C000880,3
SSJU25,K000393,4
SSJU25,H000338,5
SSJU25,L000577,6
SSJU25,F000444,7
SSJU25,T000476,8
SSJU25,C001088,1
SSJU25,L000174,2
SSJU25,W000802,3
SSJU25,K000367,4
SSJU25,F000457,5
SSJU25,B001277,6
SSJU25,H001042,7
SSRA,S000320,1
SSRA,M000355,2
SSRA,C000567,3
SSRA,A000360,4
SSRA,R000307,5
SSRA,B000575,6
SSRA,C001098,7
SSRA,C001047,8
SSRA,W000437,9
SSRA,F000463,10
SSRA,K000367,1
SSRA,F000062,2
SSRA,S000148,3
SSRA,D000563,4
SSRA,U000039,5
SSRA,W000805,6
SSRA,L000174,7
SSRA,K000383,8
SSRA,C001113,9
SSSB,R000584,1
SSSB,R000595,2
SSSB,P000603,3
SSSB,S001184,4
SSSB,E000295,5
SSSB,I000024,6
SSSB,Y000064,7
SSSB,E000285,8
SSSB,R000605,9
SSSB,K000393,10
SSSB,S001181,1
SSSB,C000127,2
SSSB,C000141,3
SSSB,H001069,4
SSSB,M000133,5
SSSB,B001288,6
SSSB,C001088,7
SSSB,H001042,8
SSSB,D000622,9
SSVA,I000055,1
SSVA,M000934,2
SSVA,B001236,3
SSVA,H001041,4
SSVA,C001075,5
SSVA,R000605,6
SSVA,T000476,7
SSVA,S001198,8
SSVA,T000464,1
SSVA,M001111,2
SSVA,S000033,3
SSVA,B000944,4
SSVA,B001277,5
SSVA,H001042,6
SSVA,M001183,7
